Workbook

Sheet Manual Metadata
A1: Pull Order | B1: QC | C1: Date | D1: m.Body | E1: v.Sperm | F1: l.Sperm | G1: t.Sperm | H1: w.Head | I1: w.Thorax | J1: d.Spermatheca | K1: Location
A2: =INDEX([1]Achieved!A$1:A$1048576,MATCH('Manual Metadata'!B2,[1]Achieved!B$1:B$1048576,0)) -> 1 | B2: QC 0381 | C2: 2017-02-01T00:00:00Z | D2: 238.2 | E2: 0.866 | F2: 3393854 | G2: 3919000 | H2: 4.075 | I2: 5.05 | J2: 1.2875404 | K2: =INDEX([1]PID!E$1:E$1048576,MATCH('Manual Metadata'!B2,[1]PID!A$1:A$1048576,0)) -> NCA
A3: =INDEX([1]Achieved!A$1:A$1048576,MATCH('Manual Metadata'!B3,[1]Achieved!B$1:B$1048576,0)) -> 2 | B3: QC 0382 | C3: 2017-02-01T00:00:00Z | D3: 209.7 | E3: 0.76033333 | F3: 3911661.6 | G3: 5144666.7 | H3: 3.812 | I3: 4.955 | J3: 1.3030956 | K3: =INDEX([1]PID!E$1:E$1048576,MATCH('Manual Metadata'!B3,[1]PID!A$1:A$1048576,0)) -> NCA
A4: =INDEX([1]Achieved!A$1:A$1048576,MATCH('Manual Metadata'!B4,[1]Achieved!B$1:B$1048576,0)) -> 3 | B4: QC 0383 | C4: 2017-02-01T00:00:00Z | D4: 220.6 | E4: 0.95633333 | F4: 4757120.8 | G4: 4974333.3 | H4: 3.958 | I4: 5.184 | J4: 1.410134 | K4: =INDEX([1]PID!E$1:E$1048576,MATCH('Manual Metadata'!B4,[1]PID!A$1:A$1048576,0)) -> NCA
A5: =INDEX([1]Achieved!A$1:A$1048576,MATCH('Manual Metadata'!B5,[1]Achieved!B$1:B$1048576,0)) -> 4 | B5: QC 0385 | C5: 2017-02-01T00:00:00Z | D5: 213.1 | E5: 0.92266667 | F5: 3026039.1 | G5: 3279666.7 | H5: 3.958 | I5: 4.963 | J5: 1.3784075 | K5: =INDEX([1]PID!E$1:E$1048576,MATCH('Manual Metadata'!B5,[1]PID!A$1:A$1048576,0)) -> NCA
A6: =INDEX([1]Achieved!A$1:A$1048576,MATCH('Manual Metadata'!B6,[1]Achieved!B$1:B$1048576,0)) -> 792 | B6: QC 0388 | C6: 2017-02-01T00:00:00Z | D6: 202.3 | E6: 0.70733333 | F6: 3671060 | G6: 5190000 | H6: 3.882 | I6: 4.963 | J6: 1.256892 | K6: =INDEX([1]PID!E$1:E$1048576,MATCH('Manual Metadata'!B6,[1]PID!A$1:A$1048576,0)) -> NCA
A7: =INDEX([1]Achieved!A$1:A$1048576,MATCH('Manual Metadata'!B7,[1]Achieved!B$1:B$1048576,0)) -> 5 | B7: QC 0389 | C7: 2017-02-01T00:00:00Z | D7: 205.6 | E7: 0.75133333 | F7: 2023841.6 | G7: 2693666.7 | H7: 3.882 | I7: 4.988 | J7: 1.3785615 | K7: =INDEX([1]PID!E$1:E$1048576,MATCH('Manual Metadata'!B7,[1]PID!A$1:A$1048576,0)) -> NCA
A8: =INDEX([1]Achieved!A$1:A$1048576,MATCH('Manual Metadata'!B8,[1]Achieved!B$1:B$1048576,0)) -> 6 | B8: QC 0440 | C8: 2017-03-20T00:00:00Z | D8: 223 | E8: 0.92833333 | F8: 3743349.4 | G8: 4032333.3 | H8: 3.8268156 | I8: 5.1536313 | J8: 1.2290999 | K8: =INDEX([1]PID!E$1:E$1048576,MATCH('Manual Metadata'!B8,[1]PID!A$1:A$1048576,0)) -> NC
A9: =INDEX([1]Achieved!A$1:A$1048576,MATCH('Manual Metadata'!B9,[1]Achieved!B$1:B$1048576,0)) -> 793 | B9: QC 0442 | C9: 2017-03-20T00:00:00Z | D9: 191.4 | E9: 0.904 | F9: 3778358.4 | G9: 4179600 | H9: 3.650838 | I9: 4.6312849 | J9: 1.1719147 | K9: =INDEX([1]PID!E$1:E$1048576,MATCH('Manual Metadata'!B9,[1]PID!A$1:A$1048576,0)) -> NC
A10: =INDEX([1]Achieved!A$1:A$1048576,MATCH('Manual Metadata'!B10,[1]Achieved!B$1:B$1048576,0)) -> 7 | B10: QC 0444 | C10: 2017-03-20T00:00:00Z | D10: 200.1 | E10: 0.86833333 | F10: 3945967.2 | G10: 4544300 | H10: 3.7625698 | I10: 4.849162 | J10: 1.2010711 | K10: =INDEX([1]PID!E$1:E$1048576,MATCH('Manual Metadata'!B10,[1]PID!A$1:A$1048576,0)) -> NC
A11: =INDEX([1]Achieved!A$1:A$1048576,MATCH('Manual Metadata'!B11,[1]Achieved!B$1:B$1048576,0)) -> 8 | B11: QC 0449 | C11: 2017-03-20T00:00:00Z | D11: 209.3 | E11: 0.883 | F11: 5074306.7 | G11: 5746666.7 | H11: 3.972067 | I11: 5.0418994 | J11: 1.2891155 | K11: =INDEX([1]PID!E$1:E$1048576,MATCH('Manual Metadata'!B11,[1]PID!A$1:A$1048576,0)) -> USA
A12: =INDEX([1]Achieved!A$1:A$1048576,MATCH('Manual Metadata'!B12,[1]Achieved!B$1:B$1048576,0)) -> 794 | B12: QC 0451 | C12: 2017-03-20T00:00:00Z | D12: 198.7 | E12: 0.929 | F12: 2595579.5 | G12: 2793950 | H12: 3.7122905 | I12: 4.9134078 | J12: 1.1898851 | K12: =INDEX([1]PID!E$1:E$1048576,MATCH('Manual Metadata'!B12,[1]PID!A$1:A$1048576,0)) -> USA
A13: =INDEX([1]Achieved!A$1:A$1048576,MATCH('Manual Metadata'!B13,[1]Achieved!B$1:B$1048576,0)) -> 9 | B13: QC 0453 | C13: 2017-03-20T00:00:00Z | D13: 196.8 | E13: 0.87633333 | F13: 6022162.7 | G13: 6872000 | H13: 3.8435754 | I13: 5.1201117 | J13: 1.2681832 | K13: =INDEX([1]PID!E$1:E$1048576,MATCH('Manual Metadata'!B13,[1]PID!A$1:A$1048576,0)) -> USA
... A301: =INDEX([1]Achieved!A$1:A$1048576,MATCH('Manual Metadata'!B301,[1]Achieved!B$1:B$1048576,0)) -> 246 | B301: QC 1472 | C301: 2019-08-21T15:34:28Z | D301: 204.3 | E301: 0.945 | F301: 5976666.7 | G301: 6320033.3 | H301: 3.9192201 | I301: 5.1532033 | J301: 1.2116626 | K301: =INDEX([1]PID!E$1:E$1048576,MATCH('Manual Metadata'!B301,[1]PID!A$1:A$1048576,0)) -> USA
A302: =INDEX([1]Achieved!A$1:A$1048576,MATCH('Manual Metadata'!B302,[1]Achieved!B$1:B$1048576,0)) -> 247 | B302: QC 1473 | C302: 2019-08-21T15:37:47Z | D302: 162.3 | E302: 0.85666667 | F302: 6940000 | G302: 8004333.3 | H302: 3.6072423 | I302: 4.8328691 | J302: NA | K302: =INDEX([1]PID!E$1:E$1048576,MATCH('Manual Metadata'!B302,[1]PID!A$1:A$1048576,0)) -> USA
A303: =INDEX([1]Achieved!A$1:A$1048576,MATCH('Manual Metadata'!B303,[1]Achieved!B$1:B$1048576,0)) -> 832 | B303: QC 1476 | C303: 2019-08-21T15:48:45Z | D303: 178 | E303: 0.87366667 | F303: 5616666.7 | G303: 6391333.3 | H303: 3.7493036 | I303: 5.0557103 | J303: 1.330107 | K303: =INDEX([1]PID!E$1:E$1048576,MATCH('Manual Metadata'!B303,[1]PID!A$1:A$1048576,0)) -> USA
A304: =INDEX([1]Achieved!A$1:A$1048576,MATCH('Manual Metadata'!B304,[1]Achieved!B$1:B$1048576,0)) -> 248 | B304: QC 1477 | C304: 2019-08-21T15:52:37Z | D304: 130 | E304: 0.81933333 | F304: 2311000 | G304: 2774333.3 | H304: 3.4679666 | I304: 4.5571031 | J304: 1.0561436 | K304: =INDEX([1]PID!E$1:E$1048576,MATCH('Manual Metadata'!B304,[1]PID!A$1:A$1048576,0)) -> USA
A305: =INDEX([1]Achieved!A$1:A$1048576,MATCH('Manual Metadata'!B305,[1]Achieved!B$1:B$1048576,0)) -> 833 | B305: QC 1478 | C305: 2019-08-21T15:55:31Z | D305: 195.7 | E305: 0.89233333 | F305: 5593333.3 | G305: 6221333.3 | H305: 3.6796657 | I305: 4.9387187 | J305: 1.257302 | K305: =INDEX([1]PID!E$1:E$1048576,MATCH('Manual Metadata'!B305,[1]PID!A$1:A$1048576,0)) -> USA
A306: =INDEX([1]Achieved!A$1:A$1048576,MATCH('Manual Metadata'!B306,[1]Achieved!B$1:B$1048576,0)) -> 249 | B306: QC 1479 | C306: 2019-08-21T15:59:37Z | D306: 185 | E306: 0.87933333 | F306: 3933333.3 | G306: 4488666.7 | H306: 3.7103064 | I306: 4.908078 | J306: 1.2533395 | K306: =INDEX([1]PID!E$1:E$1048576,MATCH('Manual Metadata'!B306,[1]PID!A$1:A$1048576,0)) -> USA
A307: =INDEX([1]Achieved!A$1:A$1048576,MATCH('Manual Metadata'!B307,[1]Achieved!B$1:B$1048576,0)) -> 250 | B307: QC 1481 | C307: 2019-08-27T10:49:08Z | D307: 227.3 | E307: 0.57266667 | F307: 1873333.3 | G307: 3262666.7 | H307: 3.789731 | I307: 4.7750611 | J307: 1.3484655 | K307: =INDEX([1]PID!E$1:E$1048576,MATCH('Manual Metadata'!B307,[1]PID!A$1:A$1048576,0)) -> OH
A308: =INDEX([1]Achieved!A$1:A$1048576,MATCH('Manual Metadata'!B308,[1]Achieved!B$1:B$1048576,0)) -> 834 | B308: QC 1482 | C308: 2019-08-28T15:17:10Z | D308: 197 | E308: 0.77733333 | F308: 7260000 | G308: 9263333.3 | H308: 3.8282548 | I308: 4.7091413 | J308: 1.1551242 | K308: =INDEX([1]PID!E$1:E$1048576,MATCH('Manual Metadata'!B308,[1]PID!A$1:A$1048576,0)) -> GA
A309: =INDEX([1]Achieved!A$1:A$1048576,MATCH('Manual Metadata'!B309,[1]Achieved!B$1:B$1048576,0)) -> 251 | B309: QC 1485 | C309: 2019-08-28T16:12:18Z | D309: 227.4 | E309: 0.878 | F309: 4196666.7 | G309: 4781333.3 | H309: 3.8393352 | I309: 4.8227147 | J309: 1.2907266 | K309: =INDEX([1]PID!E$1:E$1048576,MATCH('Manual Metadata'!B309,[1]PID!A$1:A$1048576,0)) -> GA
A310: =INDEX([1]Achieved!A$1:A$1048576,MATCH('Manual Metadata'!B310,[1]Achieved!B$1:B$1048576,0)) -> 252 | B310: QC 1486 | C310: 2019-08-28T16:12:18Z | D310: 184.2 | E310: 0.878 | F310: 4196666.7 | G310: 4781333.3 | H310: 3.7229917 | I310: 4.767313 | J310: 1.1991506 | K310: =INDEX([1]PID!E$1:E$1048576,MATCH('Manual Metadata'!B310,[1]PID!A$1:A$1048576,0)) -> GA
A311: =INDEX([1]Achieved!A$1:A$1048576,MATCH('Manual Metadata'!B311,[1]Achieved!B$1:B$1048576,0)) -> 835 | B311: QC 1490 | C311: 2019-08-28T16:25:19Z | D311: 220.5 | E311: 0.82066667 | F311: 6953333.3 | G311: 8463333.3 | H311: 3.8199446 | I311: 5.0941828 | J311: 1.2729332 | K311: =INDEX([1]PID!E$1:E$1048576,MATCH('Manual Metadata'!B311,[1]PID!A$1:A$1048576,0)) -> GA
A312: =INDEX([1]Achieved!A$1:A$1048576,MATCH('Manual Metadata'!B312,[1]Achieved!B$1:B$1048576,0)) -> 253 | B312: QC 1491 | C312: 2019-08-28T16:27:55Z | D312: 167.7 | E312: 0.704 | F312: 4436666.7 | G312: 6106666.7 | H312: 3.5927978 | I312: 4.7617728 | J312: 1.1188449 | K312: =INDEX([1]PID!E$1:E$1048576,MATCH('Manual Metadata'!B312,[1]PID!A$1:A$1048576,0)) -> GA
A313: =INDEX([1]Achieved!A$1:A$1048576,MATCH('Manual Metadata'!B313,[1]Achieved!B$1:B$1048576,0)) -> 254 | B313: QC 1495 | C313: 2019-08-28T16:39:46Z | D313: 212.6 | E313: 0.788 | F313: 3370000 | G313: 4237666.7 | H313: 3.6177285 | I313: 4.598338 | J313: 1.0857312 | K313: =INDEX([1]PID!E$1:E$1048576,MATCH('Manual Metadata'!B313,[1]PID!A$1:A$1048576,0)) -> GA
A314: =INDEX([1]Achieved!A$1:A$1048576,MATCH('Manual Metadata'!B314,[1]Achieved!B$1:B$1048576,0)) -> 255 | B314: QC 1502 | C314: 2019-08-28T17:04:39Z | D314: 197.6 | E314: 0.874 | F314: 6403333.3 | G314: 7365000 | H314: 3.7894737 | I314: 5.0415513 | J314: 1.2515937 | K314: =INDEX([1]PID!E$1:E$1048576,MATCH('Manual Metadata'!B314,[1]PID!A$1:A$1048576,0)) -> GA
... A377: =INDEX([1]Achieved!A$1:A$1048576,MATCH('Manual Metadata'!B377,[1]Achieved!B$1:B$1048576,0)) -> 306 | B377: QC 1720 | C377: 2020-07-15T17:07:22Z | D377: 156.4 | E377: 0.766 | F377: 2596666.7 | G377: 3270000 | H377: 3.622905 | I377: 4.6284916 | J377: 1.0973492 | K377: =INDEX([1]PID!E$1:E$1048576,MATCH('Manual Metadata'!B377,[1]PID!A$1:A$1048576,0)) -> NC
A378: =INDEX([1]Achieved!A$1:A$1048576,MATCH('Manual Metadata'!B378,[1]Achieved!B$1:B$1048576,0)) -> 307 | B378: QC 1721 | C378: 2020-07-21T15:25:30Z | D378: 221.4 | E378: 0.91833333 | F378: 10040000 | G378: 10880000 | H378: 3.877095 | I378: 4.8519553 | J378: NA | K378: =INDEX([1]PID!E$1:E$1048576,MATCH('Manual Metadata'!B378,[1]PID!A$1:A$1048576,0)) -> NY
A379: =INDEX([1]Achieved!A$1:A$1048576,MATCH('Manual Metadata'!B379,[1]Achieved!B$1:B$1048576,0)) -> 308 | B379: QC 1722 | C379: 2020-07-21T15:26:56Z | D379: 179.7 | E379: 0.868 | F379: 5636666.7 | G379: 6563333.3 | H379: 3.7234637 | I379: 4.7877095 | J379: NA | K379: =INDEX([1]PID!E$1:E$1048576,MATCH('Manual Metadata'!B379,[1]PID!A$1:A$1048576,0)) -> NY
A380: =INDEX([1]Achieved!A$1:A$1048576,MATCH('Manual Metadata'!B380,[1]Achieved!B$1:B$1048576,0)) -> 309 | B380: QC 1723 | C380: 2020-07-21T15:28:30Z | D380: 196 | E380: 0.88 | F380: 7920000 | G380: 8980000 | H380: 3.8296089 | I380: 4.9860335 | J380: NA | K380: =INDEX([1]PID!E$1:E$1048576,MATCH('Manual Metadata'!B380,[1]PID!A$1:A$1048576,0)) -> NY
A381: =INDEX([1]Achieved!A$1:A$1048576,MATCH('Manual Metadata'!B381,[1]Achieved!B$1:B$1048576,0)) -> 310 | B381: QC 1725 | C381: 2020-07-21T15:31:33Z | D381: 140.9 | E381: 0.847 | F381: 5263333.3 | G381: 6210000 | H381: 3.678771 | I381: 4.527933 | J381: NA | K381: =INDEX([1]PID!E$1:E$1048576,MATCH('Manual Metadata'!B381,[1]PID!A$1:A$1048576,0)) -> NY
A382: =INDEX([1]Achieved!A$1:A$1048576,MATCH('Manual Metadata'!B382,[1]Achieved!B$1:B$1048576,0)) -> 311 | B382: QC 1730 | C382: 2020-07-21T15:39:06Z | D382: 166.3 | E382: 0.86533333 | F382: 5770000 | G382: 6696666.7 | H382: 3.7905028 | I382: 4.6927374 | J382: 1.1436653 | K382: =INDEX([1]PID!E$1:E$1048576,MATCH('Manual Metadata'!B382,[1]PID!A$1:A$1048576,0)) -> NY
A383: =INDEX([1]Achieved!A$1:A$1048576,MATCH('Manual Metadata'!B383,[1]Achieved!B$1:B$1048576,0)) -> 312 | B383: QC 1732 | C383: 2020-07-21T15:41:59Z | D383: 165.9 | E383: 0.86066667 | F383: 7260000 | G383: 8433333.3 | H383: 3.9608939 | I383: 5.2653631 | J383: 1.2509657 | K383: =INDEX([1]PID!E$1:E$1048576,MATCH('Manual Metadata'!B383,[1]PID!A$1:A$1048576,0)) -> NY
A384: =INDEX([1]Achieved!A$1:A$1048576,MATCH('Manual Metadata'!B384,[1]Achieved!B$1:B$1048576,0)) -> 313 | B384: QC 1735 | C384: 2020-07-21T15:46:30Z | D384: 178.6 | E384: 0.85133333 | F384: 9216666.7 | G384: 10826667 | H384: 3.7709497 | I384: 5.0055866 | J384: 1.3122949 | K384: =INDEX([1]PID!E$1:E$1048576,MATCH('Manual Metadata'!B384,[1]PID!A$1:A$1048576,0)) -> NY
A385: =INDEX([1]Achieved!A$1:A$1048576,MATCH('Manual Metadata'!B385,[1]Achieved!B$1:B$1048576,0)) -> 314 | B385: QC 1739 | C385: 2020-07-21T15:53:47Z | D385: 150.9 | E385: 0.80366667 | F385: 4486666.7 | G385: 5573333.3 | H385: 3.7234637 | I385: 4.7877095 | J385: 1.2509657 | K385: =INDEX([1]PID!E$1:E$1048576,MATCH('Manual Metadata'!B385,[1]PID!A$1:A$1048576,0)) -> NY
A386: =INDEX([1]Achieved!A$1:A$1048576,MATCH('Manual Metadata'!B386,[1]Achieved!B$1:B$1048576,0)) -> 315 | B386: QC 1740 | C386: 2020-07-21T15:56:25Z | D386: 178.7 | E386: 0.83833333 | F386: 4530000 | G386: 5183333.3 | H386: 3.8743017 | I386: 5.0642458 | J386: 1.2509657 | K386: =INDEX([1]PID!E$1:E$1048576,MATCH('Manual Metadata'!B386,[1]PID!A$1:A$1048576,0)) -> NY
A387: =INDEX([1]Achieved!A$1:A$1048576,MATCH('Manual Metadata'!B387,[1]Achieved!B$1:B$1048576,0)) -> 316 | B387: QC 1743 | C387: 2020-07-28T14:47:24Z | D387: 209.5 | E387: 0.86966667 | F387: 3480000 | G387: 4006666.7 | H387: 3.9916897 | I387: 5.0277008 | J387: 1.2405698 | K387: =INDEX([1]PID!E$1:E$1048576,MATCH('Manual Metadata'!B387,[1]PID!A$1:A$1048576,0)) -> GA
A388: =INDEX([1]Achieved!A$1:A$1048576,MATCH('Manual Metadata'!B388,[1]Achieved!B$1:B$1048576,0)) -> 317 | B388: QC 1749 | C388: 2020-07-28T14:58:30Z | D388: 244.2 | E388: 0.63833333 | F388: 183166.67 | G388: 318000 | H388: 3.9612188 | I388: 4.9612188 | J388: 1.2898671 | K388: =INDEX([1]PID!E$1:E$1048576,MATCH('Manual Metadata'!B388,[1]PID!A$1:A$1048576,0)) -> GA
A389: =INDEX([1]Achieved!A$1:A$1048576,MATCH('Manual Metadata'!B389,[1]Achieved!B$1:B$1048576,0)) -> 318 | B389: QC 1750 | C389: 2020-07-28T15:00:28Z | D389: 259.9 | E389: 0.903 | F389: 8956666.7 | G389: 9886666.7 | H389: 3.9307479 | I389: 5.0221607 | J389: 1.2741989 | K389: =INDEX([1]PID!E$1:E$1048576,MATCH('Manual Metadata'!B389,[1]PID!A$1:A$1048576,0)) -> GA
A390: =INDEX([1]Achieved!A$1:A$1048576,MATCH('Manual Metadata'!B390,[1]Achieved!B$1:B$1048576,0)) -> 845 | B390: QC 1754 | C390: 2020-07-28T15:09:01Z | D390: 202.3 | E390: 0.90933333 | F390: 10810000 | G390: 11866667 | H390: 3.9695291 | I390: 5.0387812 | J390: 1.2905941 | K390: =INDEX([1]PID!E$1:E$1048576,MATCH('Manual Metadata'!B390,[1]PID!A$1:A$1048576,0)) -> GA
A391: =INDEX([1]Achieved!A$1:A$1048576,MATCH('Manual Metadata'!B391,[1]Achieved!B$1:B$1048576,0)) -> 319 | B391: QC 1756 | C391: 2020-07-28T15:12:50Z | D391: 205.1 | E391: 0.91966667 | F391: 10953333 | G391: 11933333 | H391: 3.8753463 | I391: 4.8365651 | J391: 1.2907266 | K391: =INDEX([1]PID!E$1:E$1048576,MATCH('Manual Metadata'!B391,[1]PID!A$1:A$1048576,0)) -> GA
A392: =INDEX([1]Achieved!A$1:A$1048576,MATCH('Manual Metadata'!B392,[1]Achieved!B$1:B$1048576,0)) -> 320 | B392: QC 1759 | C392: 2020-07-28T15:24:10Z | D392: 243.7 | E392: 0.851 | F392: 7823333.3 | G392: 9196666.7 | H392: 3.9861496 | I392: 5.0110803 | J392: 1.2837857 | K392: =INDEX([1]PID!E$1:E$1048576,MATCH('Manual Metadata'!B392,[1]PID!A$1:A$1048576,0)) -> GA
A393: =INDEX([1]Achieved!A$1:A$1048576,MATCH('Manual Metadata'!B393,[1]Achieved!B$1:B$1048576,0)) -> 321 | B393: QC 1761 | C393: 2020-08-06T16:42:22Z | D393: 197.7 | E393: 0.858 | F393: 6326666.7 | G393: 7380000 | H393: 3.6834734 | I393: 4.8095238 | J393: 1.1370182 | K393: =INDEX([1]PID!E$1:E$1048576,MATCH('Manual Metadata'!B393,[1]PID!A$1:A$1048576,0)) -> NC
... A534: =INDEX([1]Achieved!A$1:A$1048576,MATCH('Manual Metadata'!B534,[1]Achieved!B$1:B$1048576,0)) -> 433 | B534: QC 2309 | C534: 2021-06-16T15:32:13Z | D534: 181.1 | E534: 0.791 | F534: 4473333.3 | G534: 5653333.3 | H534: 3.7655367 | I534: 5.0084746 | J534: 1.2540013 | K534: =INDEX([1]PID!E$1:E$1048576,MATCH('Manual Metadata'!B534,[1]PID!A$1:A$1048576,0)) -> HI
A535: =INDEX([1]Achieved!A$1:A$1048576,MATCH('Manual Metadata'!B535,[1]Achieved!B$1:B$1048576,0)) -> 962 | B535: QC 2310 | C535: 2021-06-16T15:34:18Z | D535: 189.8 | E535: 0.76766667 | F535: 5443333.3 | G535: 7090000 | H535: 3.9124294 | I535: 4.9350283 | J535: NA | K535: =INDEX([1]PID!E$1:E$1048576,MATCH('Manual Metadata'!B535,[1]PID!A$1:A$1048576,0)) -> HI
A536: =INDEX([1]Achieved!A$1:A$1048576,MATCH('Manual Metadata'!B536,[1]Achieved!B$1:B$1048576,0)) -> 434 | B536: QC 2311 | C536: 2021-06-16T15:36:31Z | D536: 196.9 | E536: 0.82666667 | F536: 8306666.7 | G536: 10113333 | H536: 3.9180791 | I536: 5.0706215 | J536: 1.2553699 | K536: =INDEX([1]PID!E$1:E$1048576,MATCH('Manual Metadata'!B536,[1]PID!A$1:A$1048576,0)) -> HI
A537: =INDEX([1]Achieved!A$1:A$1048576,MATCH('Manual Metadata'!B537,[1]Achieved!B$1:B$1048576,0)) -> 435 | B537: QC 2312 | C537: 2021-06-16T15:39:39Z | D537: 201 | E537: 0.70533333 | F537: 2216666.7 | G537: 3110000 | H537: 3.8050847 | I537: 5.1016949 | J537: 1.2760721 | K537: =INDEX([1]PID!E$1:E$1048576,MATCH('Manual Metadata'!B537,[1]PID!A$1:A$1048576,0)) -> HI
A538: =INDEX([1]Achieved!A$1:A$1048576,MATCH('Manual Metadata'!B538,[1]Achieved!B$1:B$1048576,0)) -> 963 | B538: QC 2314 | C538: 2021-06-16T15:44:39Z | D538: 207.5 | E538: 0.838 | F538: 7423333.3 | G538: 8900000 | H538: 3.7881356 | I538: 5.1440678 | J538: 1.2595956 | K538: =INDEX([1]PID!E$1:E$1048576,MATCH('Manual Metadata'!B538,[1]PID!A$1:A$1048576,0)) -> HI
A539: =INDEX([1]Achieved!A$1:A$1048576,MATCH('Manual Metadata'!B539,[1]Achieved!B$1:B$1048576,0)) -> 436 | B539: QC 2315 | C539: 2021-06-16T15:46:55Z | D539: 200.3 | E539: 0.80933333 | F539: 5923333.3 | G539: 7356666.7 | H539: 3.8220339 | I539: 5.039548 | J539: 1.2146553 | K539: =INDEX([1]PID!E$1:E$1048576,MATCH('Manual Metadata'!B539,[1]PID!A$1:A$1048576,0)) -> HI
A540: =INDEX([1]Achieved!A$1:A$1048576,MATCH('Manual Metadata'!B540,[1]Achieved!B$1:B$1048576,0)) -> 437 | B540: QC 2319 | C540: 2021-06-16T15:56:11Z | D540: 177.6 | E540: 0.81033333 | F540: 8073333.3 | G540: 9936666.7 | H540: 3.700565 | I540: 4.9011299 | J540: 1.2655185 | K540: =INDEX([1]PID!E$1:E$1048576,MATCH('Manual Metadata'!B540,[1]PID!A$1:A$1048576,0)) -> HI
A541: =INDEX([1]Achieved!A$1:A$1048576,MATCH('Manual Metadata'!B541,[1]Achieved!B$1:B$1048576,0)) -> 438 | B541: QC 2322 | C541: 2021-06-16T16:02:26Z | D541: 193.4 | E541: 0.72133333 | F541: 2940000 | G541: 4090000 | H541: 3.740113 | I541: 4.8587571 | J541: 1.327766 | K541: =INDEX([1]PID!E$1:E$1048576,MATCH('Manual Metadata'!B541,[1]PID!A$1:A$1048576,0)) -> HI
A542: =INDEX([1]Achieved!A$1:A$1048576,MATCH('Manual Metadata'!B542,[1]Achieved!B$1:B$1048576,0)) -> 964 | B542: QC 2325 | C542: 2021-06-16T16:09:58Z | D542: 193.2 | E542: 0.71366667 | F542: 5820000 | G542: 8150000 | H542: 3.8615819 | I542: 4.9378531 | J542: 1.2143876 | K542: =INDEX([1]PID!E$1:E$1048576,MATCH('Manual Metadata'!B542,[1]PID!A$1:A$1048576,0)) -> HI
A543: =INDEX([1]Achieved!A$1:A$1048576,MATCH('Manual Metadata'!B543,[1]Achieved!B$1:B$1048576,0)) -> 965 | B543: QC 2327 | C543: 2021-06-16T16:14:18Z | D543: 194 | E543: 0.639 | F543: 1816666.7 | G543: 2723333.3 | H543: 3.7881356 | I543: 4.9265537 | J543: 1.2538393 | K543: =INDEX([1]PID!E$1:E$1048576,MATCH('Manual Metadata'!B543,[1]PID!A$1:A$1048576,0)) -> HI
A544: =INDEX([1]Achieved!A$1:A$1048576,MATCH('Manual Metadata'!B544,[1]Achieved!B$1:B$1048576,0)) -> 439 | B544: QC 2329 | C544: 2021-06-16T16:18:15Z | D544: 185.1 | E544: 0.82366667 | F544: 7923333.3 | G544: 9603333.3 | H544: 3.8531073 | I544: 5.0706215 | J544: 1.2173958 | K544: =INDEX([1]PID!E$1:E$1048576,MATCH('Manual Metadata'!B544,[1]PID!A$1:A$1048576,0)) -> HI
A545: =INDEX([1]Achieved!A$1:A$1048576,MATCH('Manual Metadata'!B545,[1]Achieved!B$1:B$1048576,0)) -> 440 | B545: QC 2332 | C545: 2021-06-16T16:25:27Z | D545: 198.2 | E545: 0.77566667 | F545: 4906666.7 | G545: 6313333.3 | H545: 3.8446328 | I545: 5.1214689 | J545: 1.2697744 | K545: =INDEX([1]PID!E$1:E$1048576,MATCH('Manual Metadata'!B545,[1]PID!A$1:A$1048576,0)) -> HI
A546: =INDEX([1]Achieved!A$1:A$1048576,MATCH('Manual Metadata'!B546,[1]Achieved!B$1:B$1048576,0)) -> 441 | B546: QC 2333 | C546: 2021-06-16T16:27:43Z | D546: 183.1 | E546: 0.848 | F546: 3906666.7 | G546: 4576666.7 | H546: 3.7853107 | I546: 4.9830508 | J546: 1.242962 | K546: =INDEX([1]PID!E$1:E$1048576,MATCH('Manual Metadata'!B546,[1]PID!A$1:A$1048576,0)) -> HI
A547: =INDEX([1]Achieved!A$1:A$1048576,MATCH('Manual Metadata'!B547,[1]Achieved!B$1:B$1048576,0)) -> 870 | B547: QC 2334 | C547: 2021-06-16T16:29:50Z | D547: 196.7 | E547: 0.65933333 | F547: 3686666.7 | G547: 5523333.3 | H547: 3.7711864 | I547: 5.0536723 | J547: 1.1463349 | K547: =INDEX([1]PID!E$1:E$1048576,MATCH('Manual Metadata'!B547,[1]PID!A$1:A$1048576,0)) -> HI
... A595: =INDEX([1]Achieved!A$1:A$1048576,MATCH('Manual Metadata'!B595,[1]Achieved!B$1:B$1048576,0)) -> 477 | B595: QC 2559 | C595: 2022-04-20T15:55:10Z | D595: 190.6 | E595: 0.48033333 | F595: 2170000 | G595: 4520000 | H595: 3.7534626 | I595: 4.8421053 | J595: 1.2007912 | K595: =INDEX([1]PID!E$1:E$1048576,MATCH('Manual Metadata'!B595,[1]PID!A$1:A$1048576,0)) -> HI
A596: =INDEX([1]Achieved!A$1:A$1048576,MATCH('Manual Metadata'!B596,[1]Achieved!B$1:B$1048576,0)) -> 478 | B596: QC 2565 | C596: 2022-04-20T16:07:43Z | D596: NA | E596: 0.83966667 | F596: 4790000 | G596: 5600000 | H596: 3.7756233 | I596: 4.9556787 | J596: 1.1092683 | K596: =INDEX([1]PID!E$1:E$1048576,MATCH('Manual Metadata'!B596,[1]PID!A$1:A$1048576,0)) -> HI
A597: =INDEX([1]Achieved!A$1:A$1048576,MATCH('Manual Metadata'!B597,[1]Achieved!B$1:B$1048576,0)) -> 479 | B597: QC 2569 | C597: 2022-04-20T16:16:01Z | D597: 227 | E597: 0.88733333 | F597: 5900000 | G597: 6630000 | H597: 3.7922438 | I597: 5.0138504 | J597: 1.1039534 | K597: =INDEX([1]PID!E$1:E$1048576,MATCH('Manual Metadata'!B597,[1]PID!A$1:A$1048576,0)) -> HI
A598: =INDEX([1]Achieved!A$1:A$1048576,MATCH('Manual Metadata'!B598,[1]Achieved!B$1:B$1048576,0)) -> 480 | B598: QC 2570 | C598: 2022-04-20T16:18:05Z | D598: 200.4 | E598: 0.85966667 | F598: 4036666.7 | G598: 4680000 | H598: 3.7063712 | I598: 4.9861496 | J598: 1.1591517 | K598: =INDEX([1]PID!E$1:E$1048576,MATCH('Manual Metadata'!B598,[1]PID!A$1:A$1048576,0)) -> HI
A599: =INDEX([1]Achieved!A$1:A$1048576,MATCH('Manual Metadata'!B599,[1]Achieved!B$1:B$1048576,0)) -> 481 | B599: QC 2573 | C599: 2022-04-27T16:42:49Z | D599: 243.7 | E599: 0.126 | F599: 244000 | G599: 2469000 | H599: 3.9113573 | I599: 5.1191136 | J599: 1.2589644 | K599: =INDEX([1]PID!E$1:E$1048576,MATCH('Manual Metadata'!B599,[1]PID!A$1:A$1048576,0)) -> SCA
A600: =INDEX([1]Achieved!A$1:A$1048576,MATCH('Manual Metadata'!B600,[1]Achieved!B$1:B$1048576,0)) -> 482 | B600: QC 2574 | C600: 2022-04-27T16:45:27Z | D600: 227.5 | E600: 0.70133333 | F600: 1160000 | G600: 1660000 | H600: 3.9722992 | I600: 5.0027701 | J600: 1.2751264 | K600: =INDEX([1]PID!E$1:E$1048576,MATCH('Manual Metadata'!B600,[1]PID!A$1:A$1048576,0)) -> SCA
A601: =INDEX([1]Achieved!A$1:A$1048576,MATCH('Manual Metadata'!B601,[1]Achieved!B$1:B$1048576,0)) -> 483 | B601: QC 2577 | C601: 2022-04-27T16:51:36Z | D601: 250.7 | E601: 0.638 | F601: 627666.67 | G601: 912333.33 | H601: 3.9085873 | I601: 5.099723 | J601: 1.3046735 | K601: =INDEX([1]PID!E$1:E$1048576,MATCH('Manual Metadata'!B601,[1]PID!A$1:A$1048576,0)) -> SCA
A602: =INDEX([1]Achieved!A$1:A$1048576,MATCH('Manual Metadata'!B602,[1]Achieved!B$1:B$1048576,0)) -> 484 | B602: QC 2580 | C602: 2022-04-27T16:58:54Z | D602: 258.9 | E602: 0.72933333 | F602: 2143333.3 | G602: 2883333.3 | H602: 3.9196676 | I602: 5.2132964 | J602: 1.3296666 | K602: =INDEX([1]PID!E$1:E$1048576,MATCH('Manual Metadata'!B602,[1]PID!A$1:A$1048576,0)) -> SCA
A603: =INDEX([1]Achieved!A$1:A$1048576,MATCH('Manual Metadata'!B603,[1]Achieved!B$1:B$1048576,0)) -> 485 | B603: QC 2581 | C603: 2022-04-27T17:00:53Z | D603: 218.6 | E603: 0.74133333 | F603: 2146666.7 | G603: 2830000 | H603: 3.8171745 | I603: 5.1523546 | J603: 1.3282072 | K603: =INDEX([1]PID!E$1:E$1048576,MATCH('Manual Metadata'!B603,[1]PID!A$1:A$1048576,0)) -> SCA
A604: =INDEX([1]Achieved!A$1:A$1048576,MATCH('Manual Metadata'!B604,[1]Achieved!B$1:B$1048576,0)) -> 486 | B604: QC 2582 | C604: 2022-04-27T17:03:51Z | D604: 198.6 | E604: 0.898 | F604: 1810000 | G604: 2010000 | H604: 3.7783933 | I604: 4.8947368 | J604: 1.1885117 | K604: =INDEX([1]PID!E$1:E$1048576,MATCH('Manual Metadata'!B604,[1]PID!A$1:A$1048576,0)) -> SCA
A605: =INDEX([1]Achieved!A$1:A$1048576,MATCH('Manual Metadata'!B605,[1]Achieved!B$1:B$1048576,0)) -> 487 | B605: QC 2588 | C605: 2022-04-27T17:18:16Z | D605: 235.1 | E605: 0.82433333 | F605: 4610000 | G605: 5613333.3 | H605: 3.9252078 | I605: 5.0193906 | J605: 1.3254607 | K605: =INDEX([1]PID!E$1:E$1048576,MATCH('Manual Metadata'!B605,[1]PID!A$1:A$1048576,0)) -> SCA
A606: =INDEX([1]Achieved!A$1:A$1048576,MATCH('Manual Metadata'!B606,[1]Achieved!B$1:B$1048576,0)) -> 488 | B606: QC 2589 | C606: 2022-04-27T17:20:27Z | D606: 210.8 | E606: 0.71366667 | F606: 2200000 | G606: 3010000 | H606: 3.966759 | I606: 5.1052632 | J606: 1.3129743 | K606: =INDEX([1]PID!E$1:E$1048576,MATCH('Manual Metadata'!B606,[1]PID!A$1:A$1048576,0)) -> SCA
A607: =INDEX([1]Achieved!A$1:A$1048576,MATCH('Manual Metadata'!B607,[1]Achieved!B$1:B$1048576,0)) -> 489 | B607: QC 2590 | C607: 2022-04-27T17:22:37Z | D607: 220.4 | E607: 0.63033333 | F607: 3413333.3 | G607: 5350000 | H607: 3.9473684 | I607: 5.0387812 | J607: 1.2930634 | K607: =INDEX([1]PID!E$1:E$1048576,MATCH('Manual Metadata'!B607,[1]PID!A$1:A$1048576,0)) -> SCA
A608: =INDEX([1]Achieved!A$1:A$1048576,MATCH('Manual Metadata'!B608,[1]Achieved!B$1:B$1048576,0)) -> 490 | B608: QC 2594 | C608: 2022-04-27T17:30:46Z | D608: 221.5 | E608: 0.45166667 | F608: 1013333.3 | G608: 2206666.7 | H608: 4.1163435 | I608: 5.1745152 | J608: 1.2783633 | K608: =INDEX([1]PID!E$1:E$1048576,MATCH('Manual Metadata'!B608,[1]PID!A$1:A$1048576,0)) -> SCA
... A745: =INDEX([1]Achieved!A$1:A$1048576,MATCH('Manual Metadata'!B745,[1]Achieved!B$1:B$1048576,0)) -> 593 | B745: QC 3204 | C745: 2023-10-17T14:31:33Z | D745: 175.1 | E745: 0.83833333 | F745: 9263333.3 | G745: 11100000 | H745: 3.9096045 | I745: 4.9322034 | J745: 1.2854805 | K745: =INDEX([1]PID!E$1:E$1048576,MATCH('Manual Metadata'!B745,[1]PID!A$1:A$1048576,0)) -> NCA
A746: =INDEX([1]Achieved!A$1:A$1048576,MATCH('Manual Metadata'!B746,[1]Achieved!B$1:B$1048576,0)) -> 594 | B746: QC 3208 | C746: 2023-10-17T14:43:03Z | D746: 159.2 | E746: 0.802 | F746: 7236666.7 | G746: 9036666.7 | H746: 3.68125 | I746: 4.825 | J746: NA | K746: =INDEX([1]PID!E$1:E$1048576,MATCH('Manual Metadata'!B746,[1]PID!A$1:A$1048576,0)) -> NCA
A747: =INDEX([1]Achieved!A$1:A$1048576,MATCH('Manual Metadata'!B747,[1]Achieved!B$1:B$1048576,0)) -> 896 | B747: QC 3211 | C747: 2023-11-02T11:25:39Z | D747: 176.3 | E747: 0.59466667 | F747: 1408333.3 | G747: 2353333.3 | H747: 3.7267081 | I747: 4.9068323 | J747: 1.2048009 | K747: =INDEX([1]PID!E$1:E$1048576,MATCH('Manual Metadata'!B747,[1]PID!A$1:A$1048576,0)) -> WA
A748: =INDEX([1]Achieved!A$1:A$1048576,MATCH('Manual Metadata'!B748,[1]Achieved!B$1:B$1048576,0)) -> 897 | B748: QC 3216 | C748: 2023-11-02T11:46:59Z | D748: 166 | E748: 0.54633333 | F748: 1990000 | G748: 3646666.7 | H748: 3.8944099 | I748: 4.6459627 | J748: 1.180106 | K748: =INDEX([1]PID!E$1:E$1048576,MATCH('Manual Metadata'!B748,[1]PID!A$1:A$1048576,0)) -> WA
A749: =INDEX([1]Achieved!A$1:A$1048576,MATCH('Manual Metadata'!B749,[1]Achieved!B$1:B$1048576,0)) -> 595 | B749: QC 3217 | C749: 2023-11-02T11:51:24Z | D749: 180.9 | E749: 0.77133333 | F749: 4286666.7 | G749: 5560000 | H749: 3.8074534 | I749: 5.0372671 | J749: 1.2019231 | K749: =INDEX([1]PID!E$1:E$1048576,MATCH('Manual Metadata'!B749,[1]PID!A$1:A$1048576,0)) -> WA
A750: =INDEX([1]Achieved!A$1:A$1048576,MATCH('Manual Metadata'!B750,[1]Achieved!B$1:B$1048576,0)) -> 596 | B750: QC 3225 | C750: 2023-11-02T12:32:41Z | D750: 196.6 | E750: 0.719 | F750: 2030000 | G750: 2793333.3 | H750: 3.8231707 | I750: 4.8353658 | J750: 1.1795756 | K750: =INDEX([1]PID!E$1:E$1048576,MATCH('Manual Metadata'!B750,[1]PID!A$1:A$1048576,0)) -> WA
A751: =INDEX([1]Achieved!A$1:A$1048576,MATCH('Manual Metadata'!B751,[1]Achieved!B$1:B$1048576,0)) -> 597 | B751: QC 3226 | C751: 2023-11-02T12:40:38Z | D751: 176.5 | E751: 0.76433333 | F751: 1973333.3 | G751: 2666666.7 | H751: 3.7560976 | I751: 4.4573171 | J751: 1.1369887 | K751: =INDEX([1]PID!E$1:E$1048576,MATCH('Manual Metadata'!B751,[1]PID!A$1:A$1048576,0)) -> WA
A752: =INDEX([1]Achieved!A$1:A$1048576,MATCH('Manual Metadata'!B752,[1]Achieved!B$1:B$1048576,0)) -> 598 | B752: QC 3227 | C752: 2023-11-02T12:46:11Z | D752: 182.2 | E752: 0.846 | F752: 2946666.7 | G752: 3576666.7 | H752: 3.7012195 | I752: 4.8597561 | J752: 1.2386178 | K752: =INDEX([1]PID!E$1:E$1048576,MATCH('Manual Metadata'!B752,[1]PID!A$1:A$1048576,0)) -> WA
A753: =INDEX([1]Achieved!A$1:A$1048576,MATCH('Manual Metadata'!B753,[1]Achieved!B$1:B$1048576,0)) -> 898 | B753: QC 3229 | C753: 2023-11-02T13:54:13Z | D753: 158.2 | E753: 0.77166667 | F753: 2800000 | G753: 3603333.3 | H753: 3.6503067 | I753: 4.3558282 | J753: 1.1743914 | K753: =INDEX([1]PID!E$1:E$1048576,MATCH('Manual Metadata'!B753,[1]PID!A$1:A$1048576,0)) -> WA
A754: =INDEX([1]Achieved!A$1:A$1048576,MATCH('Manual Metadata'!B754,[1]Achieved!B$1:B$1048576,0)) -> 599 | B754: QC 3235 | C754: 2023-11-02T14:24:16Z | D754: 194 | E754: 0.871 | F754: 4853333.3 | G754: 5613333.3 | H754: 3.7361963 | I754: 4.7361963 | J754: 1.1474149 | K754: =INDEX([1]PID!E$1:E$1048576,MATCH('Manual Metadata'!B754,[1]PID!A$1:A$1048576,0)) -> WA
A755: =INDEX([1]Achieved!A$1:A$1048576,MATCH('Manual Metadata'!B755,[1]Achieved!B$1:B$1048576,0)) -> 899 | B755: QC 3238 | C755: 2023-11-02T14:41:19Z | D755: 176.7 | E755: 0.80533333 | F755: 3150000 | G755: 4080000 | H755: 3.7791411 | I755: 4.8711656 | J755: 1.2019785 | K755: =INDEX([1]PID!E$1:E$1048576,MATCH('Manual Metadata'!B755,[1]PID!A$1:A$1048576,0)) -> WA
A756: =INDEX([1]Achieved!A$1:A$1048576,MATCH('Manual Metadata'!B756,[1]Achieved!B$1:B$1048576,0)) -> 600 | B756: QC 3241 | C756: 2023-11-02T14:59:07Z | D756: 198.7 | E756: 0.82833333 | F756: 4343333.3 | G756: 5240000 | H756: 3.8875 | I756: 4.9625 | J756: 1.2374447 | K756: =INDEX([1]PID!E$1:E$1048576,MATCH('Manual Metadata'!B756,[1]PID!A$1:A$1048576,0)) -> WA
A757: =INDEX([1]Achieved!A$1:A$1048576,MATCH('Manual Metadata'!B757,[1]Achieved!B$1:B$1048576,0)) -> 601 | B757: QC 3243 | C757: 2023-11-02T15:08:17Z | D757: 182.2 | E757: 0.79533333 | F757: 1439333.3 | G757: 1830000 | H757: 3.7375 | I757: 4.88125 | J757: 1.2969843 | K757: =INDEX([1]PID!E$1:E$1048576,MATCH('Manual Metadata'!B757,[1]PID!A$1:A$1048576,0)) -> WA
A758: =INDEX([1]Achieved!A$1:A$1048576,MATCH('Manual Metadata'!B758,[1]Achieved!B$1:B$1048576,0)) -> 602 | B758: QC 3246 | C758: 2023-11-02T15:21:14Z | D758: 174.1 | E758: 0.799 | F758: 3260000 | G758: 4103333.3 | H758: 3.85 | I758: 4.88125 | J758: 1.2876901 | K758: =INDEX([1]PID!E$1:E$1048576,MATCH('Manual Metadata'!B758,[1]PID!A$1:A$1048576,0)) -> WA
... A805: =INDEX([1]Achieved!A$1:A$1048576,MATCH('Manual Metadata'!B805,[1]Achieved!B$1:B$1048576,0)) -> 907 | B805: QC 3385 | C805: 2024-04-11T15:05:38Z | D805: 196 | E805: 0.82066667 | F805: 4616666.7 | G805: 5556666.7 | H805: 3.7025317 | I805: 4.8101266 | J805: 1.1993704 | K805: =INDEX([1]PID!E$1:E$1048576,MATCH('Manual Metadata'!B805,[1]PID!A$1:A$1048576,0)) -> HI
A806: =INDEX([1]Achieved!A$1:A$1048576,MATCH('Manual Metadata'!B806,[1]Achieved!B$1:B$1048576,0)) -> 908 | B806: QC 3390 | C806: 2024-04-11T15:17:05Z | D806: 197 | E806: 0.85233333 | F806: 2903333.3 | G806: 3413333.3 | H806: 3.7341772 | I806: 4.7658228 | J806: NA | K806: =INDEX([1]PID!E$1:E$1048576,MATCH('Manual Metadata'!B806,[1]PID!A$1:A$1048576,0)) -> HI
A807: =INDEX([1]Achieved!A$1:A$1048576,MATCH('Manual Metadata'!B807,[1]Achieved!B$1:B$1048576,0)) -> 909 | B807: QC 3391 | C807: 2024-04-11T15:18:57Z | D807: 177 | E807: 0.795 | F807: 5780000 | G807: 7233333.3 | H807: 3.7468354 | I807: 4.8417721 | J807: 1.1829282 | K807: =INDEX([1]PID!E$1:E$1048576,MATCH('Manual Metadata'!B807,[1]PID!A$1:A$1048576,0)) -> HI
A808: =INDEX([1]Achieved!A$1:A$1048576,MATCH('Manual Metadata'!B808,[1]Achieved!B$1:B$1048576,0)) -> 642 | B808: QC 3392 | C808: 2024-04-11T15:20:45Z | D808: 181.3 | E808: 0.77633333 | F808: 4333333.3 | G808: 5540000 | H808: 3.6455696 | I808: 4.9240506 | J808: 1.1707935 | K808: =INDEX([1]PID!E$1:E$1048576,MATCH('Manual Metadata'!B808,[1]PID!A$1:A$1048576,0)) -> HI
A809: =INDEX([1]Achieved!A$1:A$1048576,MATCH('Manual Metadata'!B809,[1]Achieved!B$1:B$1048576,0)) -> 643 | B809: QC 3393 | C809: 2024-04-11T15:23:04Z | D809: 206.7 | E809: 0.88766667 | F809: 5640000 | G809: 6316666.7 | H809: 3.8037975 | I809: 4.8101266 | J809: 1.240756 | K809: =INDEX([1]PID!E$1:E$1048576,MATCH('Manual Metadata'!B809,[1]PID!A$1:A$1048576,0)) -> HI
A810: =INDEX([1]Achieved!A$1:A$1048576,MATCH('Manual Metadata'!B810,[1]Achieved!B$1:B$1048576,0)) -> 644 | B810: QC 3398 | C810: 2024-04-16T15:44:32Z | D810: 193.6 | E810: 0.53933333 | F810: 3050000 | G810: 5583333.3 | H810: 3.8385093 | I810: 4.9068323 | J810: 1.2384357 | K810: =INDEX([1]PID!E$1:E$1048576,MATCH('Manual Metadata'!B810,[1]PID!A$1:A$1048576,0)) -> SCA
A811: =INDEX([1]Achieved!A$1:A$1048576,MATCH('Manual Metadata'!B811,[1]Achieved!B$1:B$1048576,0)) -> 645 | B811: QC 3400 | C811: 2024-04-16T15:56:24Z | D811: 212.3 | E811: 0.681 | F811: 3310000 | G811: 4876666.7 | H811: 3.8136646 | I811: 5.0062112 | J811: 1.313765 | K811: =INDEX([1]PID!E$1:E$1048576,MATCH('Manual Metadata'!B811,[1]PID!A$1:A$1048576,0)) -> SCA
A812: =INDEX([1]Achieved!A$1:A$1048576,MATCH('Manual Metadata'!B812,[1]Achieved!B$1:B$1048576,0)) -> 646 | B812: QC 3411 | C812: 2024-04-16T16:18:46Z | D812: 238.4 | E812: 0.73866667 | F812: 4520000 | G812: 6076666.7 | H812: 3.8490566 | I812: 4.8427673 | J812: 1.2581033 | K812: =INDEX([1]PID!E$1:E$1048576,MATCH('Manual Metadata'!B812,[1]PID!A$1:A$1048576,0)) -> SCA
A813: =INDEX([1]Achieved!A$1:A$1048576,MATCH('Manual Metadata'!B813,[1]Achieved!B$1:B$1048576,0)) -> 647 | B813: QC 3416 | C813: 2024-04-16T16:31:08Z | D813: 200.4 | E813: 0.789 | F813: 1075666.7 | G813: 1360000 | H813: 3.7484277 | I813: 4.9308176 | J813: 1.3460599 | K813: =INDEX([1]PID!E$1:E$1048576,MATCH('Manual Metadata'!B813,[1]PID!A$1:A$1048576,0)) -> SCA
A814: =INDEX([1]Achieved!A$1:A$1048576,MATCH('Manual Metadata'!B814,[1]Achieved!B$1:B$1048576,0)) -> 648 | B814: QC 3418 | C814: 2024-04-16T16:35:00Z | D814: 204.5 | E814: 0.79266667 | F814: 2650000 | G814: 3290000 | H814: 3.754717 | I814: 4.9685535 | J814: 1.1980229 | K814: =INDEX([1]PID!E$1:E$1048576,MATCH('Manual Metadata'!B814,[1]PID!A$1:A$1048576,0)) -> SCA
A815: =INDEX([1]Achieved!A$1:A$1048576,MATCH('Manual Metadata'!B815,[1]Achieved!B$1:B$1048576,0)) -> 910 | B815: QC 3419 | C815: 2024-04-16T16:56:48Z | D815: 139.9 | E815: 0.62766667 | F815: 1766666.7 | G815: 2813333.3 | H815: 3.6981132 | I815: 4.4779874 | J815: 1.2099863 | K815: =INDEX([1]PID!E$1:E$1048576,MATCH('Manual Metadata'!B815,[1]PID!A$1:A$1048576,0)) -> SCA
A816: =INDEX([1]Achieved!A$1:A$1048576,MATCH('Manual Metadata'!B816,[1]Achieved!B$1:B$1048576,0)) -> 989 | B816: QC 3420 | C816: 2024-04-16T16:58:48Z | D816: 187.6 | E816: 0.81 | F816: 4973333.3 | G816: 6153333.3 | H816: 3.8805031 | I816: 4.9056604 | J816: 1.2328503 | K816: =INDEX([1]PID!E$1:E$1048576,MATCH('Manual Metadata'!B816,[1]PID!A$1:A$1048576,0)) -> SCA
A817: =INDEX([1]Achieved!A$1:A$1048576,MATCH('Manual Metadata'!B817,[1]Achieved!B$1:B$1048576,0)) -> 649 | B817: QC 3421 | C817: 2024-04-17T15:04:42Z | D817: 211.5 | E817: 0.70766667 | F817: 5913333.3 | G817: 8390000 | H817: 3.8024691 | I817: 4.8888889 | J817: 1.3609996 | K817: =INDEX([1]PID!E$1:E$1048576,MATCH('Manual Metadata'!B817,[1]PID!A$1:A$1048576,0)) -> GA
A818: =INDEX([1]Achieved!A$1:A$1048576,MATCH('Manual Metadata'!B818,[1]Achieved!B$1:B$1048576,0)) -> 911 | B818: QC 3422 | C818: 2024-04-30T11:31:36Z | D818: 252.1 | E818: 0.81933333 | F818: 5380000 | G818: 6516666.7 | H818: 3.76875 | I818: 4.8375 | J818: 1.3179443 | K818: =INDEX([1]PID!E$1:E$1048576,MATCH('Manual Metadata'!B818,[1]PID!A$1:A$1048576,0)) -> WA
...
